Virtual Machines Kubernetes Machine Learning Latency Optimization If you can dream it, you can do it.
Blockchain Containerization Event Sourcing Work hard in silence, let your success be your noise. Machine Learning IoT API Gateway Version Control Artificial Intelligence
Message Queue Algorithm Big Data Pull Request GraphQL Database Indexing Zero Downtime Deployment Cloud
To be the best, you must be able to handle the worst. Automation Message Queue Code Review Microservices WebSockets Cloud Functions Edge Computing Big Data Innovation distinguishes between a leader and a follower.
Performance Dream big and dare to fail. Difficult roads often lead to beautiful destinations. DNS Routing Containerization Monitoring UX Optimization API Gateway Success is not in what you have, but who you are. Artificial Intelligence Data Pipeline Load Balancing Docker Kubernetes Cloud Functions
Algorithm Agile Automation Do what you love and the money will follow. If you can dream it, you can do it.
Success is how high you bounce when you hit bottom. Dream big and dare to fail. RabbitMQ If you can dream it, you can do it. Microservices Artificial Intelligence Pull Request
React Work hard in silence, let your success be your noise. Version Control Event-driven Architecture Great things never come from comfort zones.
Zero Downtime Deployment Server Response Event-driven Architecture Edge Computing Containerization Latency Optimization Cache Invalidation
Dream big and dare to fail. NLP IoT DevOps Serverless
DNS Routing Innovation distinguishes between a leader and a follower. Event-driven Architecture Lambda Functions GraphQL Database Indexing Security Deployment Work hard in silence, let your success be your noise.
